<?xml version="1.0" encoding="UTF-8" standalone="no"?>
<project>
	<configuration id="com.nxp.s32ds.cle.arm.mbs.arm32.bare.gnu.9.2.exe.debug.1215373769.1247479206" name="S32K3x4">
		<extension point="org.eclipse.cdt.core.LanguageSettingsProvider">
			<provider copy-of="extension" id="org.eclipse.cdt.ui.UserLanguageSettingsProvider"/>
			<provider-reference id="org.eclipse.cdt.core.ReferencedProjectsLanguageSettingsProvider" ref="shared-provider"/>
			<provider-reference id="org.eclipse.cdt.managedbuilder.core.MBSLanguageSettingsProvider" ref="shared-provider"/>
			<provider class="com.freescale.s32ds.cross.gnu.CrossGCCBuiltinSpecsDetector" console="false" env-hash="1843475399781806915" id="com.freescale.s32ds.cross.gnu.CrossGCCBuiltinSpecsDetector" keep-relative-paths="false" name="CDT S32DS Built-in Compiler Settings" parameter="${COMMAND} ${FLAGS} -E -P -v -dD &quot;${INPUTS}&quot;" prefer-non-shared="true">
				<language-scope id="org.eclipse.cdt.core.gcc"/>
				<language-scope id="org.eclipse.cdt.core.g++"/>
			</provider>
		</extension>
	</configuration>
	<configuration id="com.nxp.s32ds.cle.arm.mbs.arm32.bare.gnu.9.2.exe.debug.1215373769.1247479206.1842516805" name="S32K3x2">
		<extension point="org.eclipse.cdt.core.LanguageSettingsProvider">
			<provider copy-of="extension" id="org.eclipse.cdt.ui.UserLanguageSettingsProvider"/>
			<provider-reference id="org.eclipse.cdt.core.ReferencedProjectsLanguageSettingsProvider" ref="shared-provider"/>
			<provider-reference id="org.eclipse.cdt.managedbuilder.core.MBSLanguageSettingsProvider" ref="shared-provider"/>
			<provider class="com.freescale.s32ds.cross.gnu.CrossGCCBuiltinSpecsDetector" console="false" env-hash="1843475399781806915" id="com.freescale.s32ds.cross.gnu.CrossGCCBuiltinSpecsDetector" keep-relative-paths="false" name="CDT S32DS Built-in Compiler Settings" parameter="${COMMAND} ${FLAGS} -E -P -v -dD &quot;${INPUTS}&quot;" prefer-non-shared="true">
				<language-scope id="org.eclipse.cdt.core.gcc"/>
				<language-scope id="org.eclipse.cdt.core.g++"/>
			</provider>
		</extension>
	</configuration>
	<configuration id="com.nxp.s32ds.cle.arm.mbs.arm32.bare.gnu.9.2.exe.debug.1215373769.1247479206.238178709" name="S32K3x1">
		<extension point="org.eclipse.cdt.core.LanguageSettingsProvider">
			<provider copy-of="extension" id="org.eclipse.cdt.ui.UserLanguageSettingsProvider"/>
			<provider-reference id="org.eclipse.cdt.core.ReferencedProjectsLanguageSettingsProvider" ref="shared-provider"/>
			<provider-reference id="org.eclipse.cdt.managedbuilder.core.MBSLanguageSettingsProvider" ref="shared-provider"/>
			<provider class="com.freescale.s32ds.cross.gnu.CrossGCCBuiltinSpecsDetector" console="false" env-hash="1843475399781806915" id="com.freescale.s32ds.cross.gnu.CrossGCCBuiltinSpecsDetector" keep-relative-paths="false" name="CDT S32DS Built-in Compiler Settings" parameter="${COMMAND} ${FLAGS} -E -P -v -dD &quot;${INPUTS}&quot;" prefer-non-shared="true">
				<language-scope id="org.eclipse.cdt.core.gcc"/>
				<language-scope id="org.eclipse.cdt.core.g++"/>
			</provider>
		</extension>
	</configuration>
	<configuration id="com.nxp.s32ds.cle.arm.mbs.arm32.bare.gnu.9.2.exe.debug.1215373769.1247479206.1018816114" name="S32K3x8">
		<extension point="org.eclipse.cdt.core.LanguageSettingsProvider">
			<provider copy-of="extension" id="org.eclipse.cdt.ui.UserLanguageSettingsProvider"/>
			<provider-reference id="org.eclipse.cdt.core.ReferencedProjectsLanguageSettingsProvider" ref="shared-provider"/>
			<provider-reference id="org.eclipse.cdt.managedbuilder.core.MBSLanguageSettingsProvider" ref="shared-provider"/>
			<provider class="com.freescale.s32ds.cross.gnu.CrossGCCBuiltinSpecsDetector" console="false" env-hash="1843475399781806915" id="com.freescale.s32ds.cross.gnu.CrossGCCBuiltinSpecsDetector" keep-relative-paths="false" name="CDT S32DS Built-in Compiler Settings" parameter="${COMMAND} ${FLAGS} -E -P -v -dD &quot;${INPUTS}&quot;" prefer-non-shared="true">
				<language-scope id="org.eclipse.cdt.core.gcc"/>
				<language-scope id="org.eclipse.cdt.core.g++"/>
			</provider>
		</extension>
	</configuration>
</project>
